{
  "assetsByChunkName": {
    "vendors~app-account~app-confirmation~app-order": "chunk.9b0f36aaf21fc3fc38fb.js",
    "vendors~app-account~app-checkout": "chunk.a738546515d9f18225d3.js",
    "vendors~app-cart~app-checkout": "chunk.8b95387cddb20e936b25.js",
    "admin": [
      "admin.bff69f2fe38d7ccb7b97.js",
      "admin.bff69f2fe38d7ccb7b97.js.map"
    ],
    "app-account": "chunk.d76250024d597f8a8531.js",
    "app-checkout": "chunk.a94e430d4736806e7ee9.js",
    "app-confirmation": "chunk.efee93a03c55f4d42596.js",
    "checkout": [
      "checkout.d9a5aa03385f91c0a8d6.js",
      "checkout.d9a5aa03385f91c0a8d6.js.map"
    ],
    "storefront": [
      "storefront.a04e03ba68359c015d28.css",
      "storefront.835ea4ba6255e7fef876.js",
      "storefront.a04e03ba68359c015d28.css.map",
      "storefront.835ea4ba6255e7fef876.js.map"
    ],
    "vendors~app-cart": "chunk.1db47d776ee4c105222b.js",
    "vendors~app-order": "chunk.e38ea9fea3b0793dd0d0.js"
  }
}